<manifest version="1.0" type="framework">
    <hal format="hidl">
        <name>android.frameworks.displayservice</name>
        <transport>hwbinder</transport>
        <version>1.0</version>
        <interface>
            <name>IDisplayService</name>
            <instance>default</instance>
        </interface>
        <fqname>@1.0::IDisplayService/default</fqname>
    </hal>
    <hal format="hidl">
        <name>android.frameworks.faceservice</name>
        <transport>hwbinder</transport>
        <version>1.0</version>
        <interface>
            <name>IFaceHalService</name>
            <instance>faceservice</instance>
        </interface>
        <fqname>@1.0::IFaceHalService/faceservice</fqname>
    </hal>
    <hal format="hidl">
        <name>android.frameworks.fingerprintservice</name>
        <transport>hwbinder</transport>
        <version>1.0</version>
        <interface>
            <name>IFingerprintHalService</name>
            <instance>fingerprintservice</instance>
        </interface>
        <fqname>@1.0::IFingerprintHalService/fingerprintservice</fqname>
    </hal>
    <hal format="hidl">
        <name>android.frameworks.schedulerservice</name>
        <transport>hwbinder</transport>
        <version>1.0</version>
        <interface>
            <name>ISchedulingPolicyService</name>
            <instance>default</instance>
        </interface>
        <fqname>@1.0::ISchedulingPolicyService/default</fqname>
    </hal>
    <hal format="hidl">
        <name>android.frameworks.sensorservice</name>
        <transport>hwbinder</transport>
        <version>1.0</version>
        <interface>
            <name>ISensorManager</name>
            <instance>default</instance>
        </interface>
        <fqname>@1.0::ISensorManager/default</fqname>
    </hal>
    <hal format="hidl">
        <name>android.hardware.graphics.composer</name>
        <transport>hwbinder</transport>
        <version>2.1</version>
        <interface>
            <name>IComposer</name>
            <instance>vr</instance>
        </interface>
        <fqname>@2.1::IComposer/vr</fqname>
    </hal>
    <hal format="hidl">
        <name>android.hardware.health</name>
        <transport>hwbinder</transport>
        <version>2.0</version>
        <interface>
            <name>IHealth</name>
            <instance>backup</instance>
        </interface>
        <fqname>@2.0::IHealth/backup</fqname>
    </hal>
    <hal format="hidl">
        <name>android.hidl.allocator</name>
        <transport>hwbinder</transport>
        <version>1.0</version>
        <interface>
            <name>IAllocator</name>
            <instance>ashmem</instance>
        </interface>
        <fqname>@1.0::IAllocator/ashmem</fqname>
    </hal>
    <hal format="hidl">
        <name>android.hidl.manager</name>
        <transport>hwbinder</transport>
        <version>1.1</version>
        <interface>
            <name>IServiceManager</name>
            <instance>default</instance>
        </interface>
        <fqname>@1.1::IServiceManager/default</fqname>
    </hal>
    <hal format="hidl">
        <name>android.hidl.memory</name>
        <transport arch="32+64">passthrough</transport>
        <version>1.0</version>
        <interface>
            <name>IMapper</name>
            <instance>ashmem</instance>
        </interface>
        <fqname>@1.0::IMapper/ashmem</fqname>
    </hal>
    <hal format="hidl">
        <name>android.hidl.token</name>
        <transport>hwbinder</transport>
        <version>1.0</version>
        <interface>
            <name>ITokenManager</name>
            <instance>default</instance>
        </interface>
        <fqname>@1.0::ITokenManager/default</fqname>
    </hal>
    <hal format="hidl">
        <name>android.system.net.netd</name>
        <transport>hwbinder</transport>
        <version>1.1</version>
        <interface>
            <name>INetd</name>
            <instance>default</instance>
        </interface>
        <fqname>@1.1::INetd/default</fqname>
    </hal>
    <hal format="hidl">
        <name>android.system.wifi.keystore</name>
        <transport>hwbinder</transport>
        <version>1.0</version>
        <interface>
            <name>IKeystore</name>
            <instance>default</instance>
        </interface>
        <fqname>@1.0::IKeystore/default</fqname>
    </hal>
    <hal format="native">
        <name>netutils-wrapper</name>
        <transport></transport>
        <version>1.0</version>
    </hal>
    <hal format="hidl">
        <name>vendor.oppo.engnative.engineer</name>
        <transport>hwbinder</transport>
        <version>1.0</version>
        <interface>
            <name>IEngineer</name>
            <instance>default</instance>
        </interface>
        <fqname>@1.0::IEngineer/default</fqname>
    </hal>
    <hal format="hidl">
        <name>vendor.oppo.engnative.engsensor</name>
        <transport>hwbinder</transport>
        <version>1.0</version>
        <interface>
            <name>IEngSensor</name>
            <instance>default</instance>
        </interface>
        <fqname>@1.0::IEngSensor/default</fqname>
    </hal>
    <hal format="hidl">
        <name>vendor.oppo.engnative.messager</name>
        <transport>hwbinder</transport>
        <version>1.0</version>
        <interface>
            <name>IMessager</name>
            <instance>default</instance>
        </interface>
        <fqname>@1.0::IMessager/default</fqname>
    </hal>
    <hal format="hidl">
        <name>vendor.oppo.engnative.transfer</name>
        <transport>hwbinder</transport>
        <version>1.0</version>
        <interface>
            <name>ITransfer</name>
            <instance>ATMWiFiHidlServer</instance>
        </interface>
        <fqname>@1.0::ITransfer/ATMWiFiHidlServer</fqname>
    </hal>
    <hal format="hidl">
        <name>vendor.oppo.hardware.camera.oppoAlgoProcessService</name>
        <transport>hwbinder</transport>
        <version>1.0</version>
        <interface>
            <name>IOppoAlgoProcessService</name>
            <instance>default</instance>
        </interface>
        <fqname>@1.0::IOppoAlgoProcessService/default</fqname>
    </hal>
    <hal format="hidl">
        <name>vendor.oppo.hardware.camera.oppoHalAssist</name>
        <transport>hwbinder</transport>
        <version>1.0</version>
        <interface>
            <name>IOppoHalAssist</name>
            <instance>default</instance>
        </interface>
        <fqname>@1.0::IOppoHalAssist/default</fqname>
    </hal>
    <hal format="hidl">
        <name>vendor.oppo.hardware.commondcs</name>
        <transport>hwbinder</transport>
        <version>1.0</version>
        <interface>
            <name>ICommonDcsHalService</name>
            <instance>commondcsservice</instance>
        </interface>
        <fqname>@1.0::ICommonDcsHalService/commondcsservice</fqname>
    </hal>
    <hal format="hidl">
        <name>vendor.oppo.hardware.cryptoeng</name>
        <transport>hwbinder</transport>
        <version>1.0</version>
        <interface>
            <name>ICryptoeng</name>
            <instance>default</instance>
        </interface>
        <fqname>@1.0::ICryptoeng/default</fqname>
    </hal>
    <hal format="hidl">
        <name>vendor.qti.hardware.radio.atcmdfwd</name>
        <transport>hwbinder</transport>
        <version>1.0</version>
        <interface>
            <name>IAtCmdFwd</name>
            <instance>AtCmdFwdService</instance>
        </interface>
        <fqname>@1.0::IAtCmdFwd/AtCmdFwdService</fqname>
    </hal>
    <hal format="hidl">
        <name>vendor.qti.hardware.wifi.keystore</name>
        <transport>hwbinder</transport>
        <version>1.0</version>
        <interface>
            <name>IKeystoreExt</name>
            <instance>default</instance>
        </interface>
        <fqname>@1.0::IKeystoreExt/default</fqname>
    </hal>
    <vendor-ndk>
        <version>28</version>
    </vendor-ndk>
    <system-sdk>
        <version>28</version>
    </system-sdk>
</manifest>
